,job_id,data_div,model_type,pretrained,num,training_category,testing_category,hole,augment,scale,restriction_axes,lr,batch_size,max_epoch,name,dir,logs_dir,eval_dir,stats_dir,checkpoints_dir,tensorboard_logs_dir,logs,eval,testing_frame_path,stats,checkpoint,eval_heatmap,eval_heatmap_ood,eval_heatmap_id,unrestricted_axis
0,0,10,ModelType.ResNet,False,0,plane,SM,0,False,False,"(0, 1)",0.001,230,10,Div10,/home/avic/om2/experiments_cross/exp0,/home/avic/om2/experiments_cross/exp0/logs,/home/avic/om2/experiments_cross/exp0/eval,/home/avic/om2/experiments_cross/exp0/stats,/home/avic/om2/experiments_cross/exp0/checkpoints,/home/avic/om2/experiments_cross/exp0/tensorboard_logs/0,/home/avic/om2/experiments_cross/exp0/logs/Div10.txt,/home/avic/om2/experiments_cross/exp0/eval/Div10.csv,/home/avic/om2/experiments_cross/exp0/eval/TestingFrame_Div10.csv,/home/avic/om2/experiments_cross/exp0/stats/Div10.csv,/home/avic/om2/experiments_cross/exp0/checkpoints/Div10.pt,/home/avic/om2/experiments_cross/exp0/eval/Div10_heatmap.npy,/home/avic/om2/experiments_cross/exp0/eval/Div10_heatmap_ood.npy,/home/avic/om2/experiments_cross/exp0/eval/0_heatmap_id.npy,2
1,1,20,ModelType.ResNet,False,0,plane,SM,0,False,False,"(0, 1)",0.001,230,10,Div20,/home/avic/om2/experiments_cross/exp0,/home/avic/om2/experiments_cross/exp0/logs,/home/avic/om2/experiments_cross/exp0/eval,/home/avic/om2/experiments_cross/exp0/stats,/home/avic/om2/experiments_cross/exp0/checkpoints,/home/avic/om2/experiments_cross/exp0/tensorboard_logs/1,/home/avic/om2/experiments_cross/exp0/logs/Div20.txt,/home/avic/om2/experiments_cross/exp0/eval/Div20.csv,/home/avic/om2/experiments_cross/exp0/eval/TestingFrame_Div20.csv,/home/avic/om2/experiments_cross/exp0/stats/Div20.csv,/home/avic/om2/experiments_cross/exp0/checkpoints/Div20.pt,/home/avic/om2/experiments_cross/exp0/eval/Div20_heatmap.npy,/home/avic/om2/experiments_cross/exp0/eval/Div20_heatmap_ood.npy,/home/avic/om2/experiments_cross/exp0/eval/1_heatmap_id.npy,2
2,2,30,ModelType.ResNet,False,0,plane,SM,0,False,False,"(0, 1)",0.001,230,10,Div30,/home/avic/om2/experiments_cross/exp0,/home/avic/om2/experiments_cross/exp0/logs,/home/avic/om2/experiments_cross/exp0/eval,/home/avic/om2/experiments_cross/exp0/stats,/home/avic/om2/experiments_cross/exp0/checkpoints,/home/avic/om2/experiments_cross/exp0/tensorboard_logs/2,/home/avic/om2/experiments_cross/exp0/logs/Div30.txt,/home/avic/om2/experiments_cross/exp0/eval/Div30.csv,/home/avic/om2/experiments_cross/exp0/eval/TestingFrame_Div30.csv,/home/avic/om2/experiments_cross/exp0/stats/Div30.csv,/home/avic/om2/experiments_cross/exp0/checkpoints/Div30.pt,/home/avic/om2/experiments_cross/exp0/eval/Div30_heatmap.npy,/home/avic/om2/experiments_cross/exp0/eval/Div30_heatmap_ood.npy,/home/avic/om2/experiments_cross/exp0/eval/2_heatmap_id.npy,2
3,3,40,ModelType.ResNet,False,0,plane,SM,0,False,False,"(0, 1)",0.001,230,10,Div40,/home/avic/om2/experiments_cross/exp0,/home/avic/om2/experiments_cross/exp0/logs,/home/avic/om2/experiments_cross/exp0/eval,/home/avic/om2/experiments_cross/exp0/stats,/home/avic/om2/experiments_cross/exp0/checkpoints,/home/avic/om2/experiments_cross/exp0/tensorboard_logs/3,/home/avic/om2/experiments_cross/exp0/logs/Div40.txt,/home/avic/om2/experiments_cross/exp0/eval/Div40.csv,/home/avic/om2/experiments_cross/exp0/eval/TestingFrame_Div40.csv,/home/avic/om2/experiments_cross/exp0/stats/Div40.csv,/home/avic/om2/experiments_cross/exp0/checkpoints/Div40.pt,/home/avic/om2/experiments_cross/exp0/eval/Div40_heatmap.npy,/home/avic/om2/experiments_cross/exp0/eval/Div40_heatmap_ood.npy,/home/avic/om2/experiments_cross/exp0/eval/3_heatmap_id.npy,2
4,8,10,ModelType.ResNet,False,2,plane,SM,0,False,False,"(1, 2)",0.001,230,10,Div10,/home/avic/om2/experiments_cross/exp2,/home/avic/om2/experiments_cross/exp2/logs,/home/avic/om2/experiments_cross/exp2/eval,/home/avic/om2/experiments_cross/exp2/stats,/home/avic/om2/experiments_cross/exp2/checkpoints,/home/avic/om2/experiments_cross/exp2/tensorboard_logs/8,/home/avic/om2/experiments_cross/exp2/logs/Div10.txt,/home/avic/om2/experiments_cross/exp2/eval/Div10.csv,/home/avic/om2/experiments_cross/exp2/eval/TestingFrame_Div10.csv,/home/avic/om2/experiments_cross/exp2/stats/Div10.csv,/home/avic/om2/experiments_cross/exp2/checkpoints/Div10.pt,/home/avic/om2/experiments_cross/exp2/eval/Div10_heatmap.npy,/home/avic/om2/experiments_cross/exp2/eval/Div10_heatmap_ood.npy,/home/avic/om2/experiments_cross/exp2/eval/4_heatmap_id.npy,0
5,9,20,ModelType.ResNet,False,2,plane,SM,0,False,False,"(1, 2)",0.001,230,10,Div20,/home/avic/om2/experiments_cross/exp2,/home/avic/om2/experiments_cross/exp2/logs,/home/avic/om2/experiments_cross/exp2/eval,/home/avic/om2/experiments_cross/exp2/stats,/home/avic/om2/experiments_cross/exp2/checkpoints,/home/avic/om2/experiments_cross/exp2/tensorboard_logs/9,/home/avic/om2/experiments_cross/exp2/logs/Div20.txt,/home/avic/om2/experiments_cross/exp2/eval/Div20.csv,/home/avic/om2/experiments_cross/exp2/eval/TestingFrame_Div20.csv,/home/avic/om2/experiments_cross/exp2/stats/Div20.csv,/home/avic/om2/experiments_cross/exp2/checkpoints/Div20.pt,/home/avic/om2/experiments_cross/exp2/eval/Div20_heatmap.npy,/home/avic/om2/experiments_cross/exp2/eval/Div20_heatmap_ood.npy,/home/avic/om2/experiments_cross/exp2/eval/5_heatmap_id.npy,0
6,10,30,ModelType.ResNet,False,2,plane,SM,0,False,False,"(1, 2)",0.001,230,10,Div30,/home/avic/om2/experiments_cross/exp2,/home/avic/om2/experiments_cross/exp2/logs,/home/avic/om2/experiments_cross/exp2/eval,/home/avic/om2/experiments_cross/exp2/stats,/home/avic/om2/experiments_cross/exp2/checkpoints,/home/avic/om2/experiments_cross/exp2/tensorboard_logs/10,/home/avic/om2/experiments_cross/exp2/logs/Div30.txt,/home/avic/om2/experiments_cross/exp2/eval/Div30.csv,/home/avic/om2/experiments_cross/exp2/eval/TestingFrame_Div30.csv,/home/avic/om2/experiments_cross/exp2/stats/Div30.csv,/home/avic/om2/experiments_cross/exp2/checkpoints/Div30.pt,/home/avic/om2/experiments_cross/exp2/eval/Div30_heatmap.npy,/home/avic/om2/experiments_cross/exp2/eval/Div30_heatmap_ood.npy,/home/avic/om2/experiments_cross/exp2/eval/6_heatmap_id.npy,0
7,11,40,ModelType.ResNet,False,2,plane,SM,0,False,False,"(1, 2)",0.001,230,10,Div40,/home/avic/om2/experiments_cross/exp2,/home/avic/om2/experiments_cross/exp2/logs,/home/avic/om2/experiments_cross/exp2/eval,/home/avic/om2/experiments_cross/exp2/stats,/home/avic/om2/experiments_cross/exp2/checkpoints,/home/avic/om2/experiments_cross/exp2/tensorboard_logs/11,/home/avic/om2/experiments_cross/exp2/logs/Div40.txt,/home/avic/om2/experiments_cross/exp2/eval/Div40.csv,/home/avic/om2/experiments_cross/exp2/eval/TestingFrame_Div40.csv,/home/avic/om2/experiments_cross/exp2/stats/Div40.csv,/home/avic/om2/experiments_cross/exp2/checkpoints/Div40.pt,/home/avic/om2/experiments_cross/exp2/eval/Div40_heatmap.npy,/home/avic/om2/experiments_cross/exp2/eval/Div40_heatmap_ood.npy,/home/avic/om2/experiments_cross/exp2/eval/7_heatmap_id.npy,0
8,16,10,ModelType.ResNet,False,4,plane,SM,0,False,False,"(0, 2)",0.001,230,10,Div10,/home/avic/om2/experiments_cross/exp4,/home/avic/om2/experiments_cross/exp4/logs,/home/avic/om2/experiments_cross/exp4/eval,/home/avic/om2/experiments_cross/exp4/stats,/home/avic/om2/experiments_cross/exp4/checkpoints,/home/avic/om2/experiments_cross/exp4/tensorboard_logs/16,/home/avic/om2/experiments_cross/exp4/logs/Div10.txt,/home/avic/om2/experiments_cross/exp4/eval/Div10.csv,/home/avic/om2/experiments_cross/exp4/eval/TestingFrame_Div10.csv,/home/avic/om2/experiments_cross/exp4/stats/Div10.csv,/home/avic/om2/experiments_cross/exp4/checkpoints/Div10.pt,/home/avic/om2/experiments_cross/exp4/eval/Div10_heatmap.npy,/home/avic/om2/experiments_cross/exp4/eval/Div10_heatmap_ood.npy,/home/avic/om2/experiments_cross/exp4/eval/8_heatmap_id.npy,1
9,17,20,ModelType.ResNet,False,4,plane,SM,0,False,False,"(0, 2)",0.001,230,10,Div20,/home/avic/om2/experiments_cross/exp4,/home/avic/om2/experiments_cross/exp4/logs,/home/avic/om2/experiments_cross/exp4/eval,/home/avic/om2/experiments_cross/exp4/stats,/home/avic/om2/experiments_cross/exp4/checkpoints,/home/avic/om2/experiments_cross/exp4/tensorboard_logs/17,/home/avic/om2/experiments_cross/exp4/logs/Div20.txt,/home/avic/om2/experiments_cross/exp4/eval/Div20.csv,/home/avic/om2/experiments_cross/exp4/eval/TestingFrame_Div20.csv,/home/avic/om2/experiments_cross/exp4/stats/Div20.csv,/home/avic/om2/experiments_cross/exp4/checkpoints/Div20.pt,/home/avic/om2/experiments_cross/exp4/eval/Div20_heatmap.npy,/home/avic/om2/experiments_cross/exp4/eval/Div20_heatmap_ood.npy,/home/avic/om2/experiments_cross/exp4/eval/9_heatmap_id.npy,1
10,18,30,ModelType.ResNet,False,4,plane,SM,0,False,False,"(0, 2)",0.001,230,10,Div30,/home/avic/om2/experiments_cross/exp4,/home/avic/om2/experiments_cross/exp4/logs,/home/avic/om2/experiments_cross/exp4/eval,/home/avic/om2/experiments_cross/exp4/stats,/home/avic/om2/experiments_cross/exp4/checkpoints,/home/avic/om2/experiments_cross/exp4/tensorboard_logs/18,/home/avic/om2/experiments_cross/exp4/logs/Div30.txt,/home/avic/om2/experiments_cross/exp4/eval/Div30.csv,/home/avic/om2/experiments_cross/exp4/eval/TestingFrame_Div30.csv,/home/avic/om2/experiments_cross/exp4/stats/Div30.csv,/home/avic/om2/experiments_cross/exp4/checkpoints/Div30.pt,/home/avic/om2/experiments_cross/exp4/eval/Div30_heatmap.npy,/home/avic/om2/experiments_cross/exp4/eval/Div30_heatmap_ood.npy,/home/avic/om2/experiments_cross/exp4/eval/10_heatmap_id.npy,1
11,19,40,ModelType.ResNet,False,4,plane,SM,0,False,False,"(0, 2)",0.001,230,10,Div40,/home/avic/om2/experiments_cross/exp4,/home/avic/om2/experiments_cross/exp4/logs,/home/avic/om2/experiments_cross/exp4/eval,/home/avic/om2/experiments_cross/exp4/stats,/home/avic/om2/experiments_cross/exp4/checkpoints,/home/avic/om2/experiments_cross/exp4/tensorboard_logs/19,/home/avic/om2/experiments_cross/exp4/logs/Div40.txt,/home/avic/om2/experiments_cross/exp4/eval/Div40.csv,/home/avic/om2/experiments_cross/exp4/eval/TestingFrame_Div40.csv,/home/avic/om2/experiments_cross/exp4/stats/Div40.csv,/home/avic/om2/experiments_cross/exp4/checkpoints/Div40.pt,/home/avic/om2/experiments_cross/exp4/eval/Div40_heatmap.npy,/home/avic/om2/experiments_cross/exp4/eval/Div40_heatmap_ood.npy,/home/avic/om2/experiments_cross/exp4/eval/11_heatmap_id.npy,1
12,24,10,ModelType.ResNet,False,6,plane,SM,1,False,False,"(0, 1)",0.001,230,10,Div10,/home/avic/om2/experiments_cross/exp6,/home/avic/om2/experiments_cross/exp6/logs,/home/avic/om2/experiments_cross/exp6/eval,/home/avic/om2/experiments_cross/exp6/stats,/home/avic/om2/experiments_cross/exp6/checkpoints,/home/avic/om2/experiments_cross/exp6/tensorboard_logs/24,/home/avic/om2/experiments_cross/exp6/logs/Div10.txt,/home/avic/om2/experiments_cross/exp6/eval/Div10.csv,/home/avic/om2/experiments_cross/exp6/eval/TestingFrame_Div10.csv,/home/avic/om2/experiments_cross/exp6/stats/Div10.csv,/home/avic/om2/experiments_cross/exp6/checkpoints/Div10.pt,/home/avic/om2/experiments_cross/exp6/eval/Div10_heatmap.npy,/home/avic/om2/experiments_cross/exp6/eval/Div10_heatmap_ood.npy,/home/avic/om2/experiments_cross/exp6/eval/12_heatmap_id.npy,2
13,25,20,ModelType.ResNet,False,6,plane,SM,1,False,False,"(0, 1)",0.001,230,10,Div20,/home/avic/om2/experiments_cross/exp6,/home/avic/om2/experiments_cross/exp6/logs,/home/avic/om2/experiments_cross/exp6/eval,/home/avic/om2/experiments_cross/exp6/stats,/home/avic/om2/experiments_cross/exp6/checkpoints,/home/avic/om2/experiments_cross/exp6/tensorboard_logs/25,/home/avic/om2/experiments_cross/exp6/logs/Div20.txt,/home/avic/om2/experiments_cross/exp6/eval/Div20.csv,/home/avic/om2/experiments_cross/exp6/eval/TestingFrame_Div20.csv,/home/avic/om2/experiments_cross/exp6/stats/Div20.csv,/home/avic/om2/experiments_cross/exp6/checkpoints/Div20.pt,/home/avic/om2/experiments_cross/exp6/eval/Div20_heatmap.npy,/home/avic/om2/experiments_cross/exp6/eval/Div20_heatmap_ood.npy,/home/avic/om2/experiments_cross/exp6/eval/13_heatmap_id.npy,2
14,26,30,ModelType.ResNet,False,6,plane,SM,1,False,False,"(0, 1)",0.001,230,10,Div30,/home/avic/om2/experiments_cross/exp6,/home/avic/om2/experiments_cross/exp6/logs,/home/avic/om2/experiments_cross/exp6/eval,/home/avic/om2/experiments_cross/exp6/stats,/home/avic/om2/experiments_cross/exp6/checkpoints,/home/avic/om2/experiments_cross/exp6/tensorboard_logs/26,/home/avic/om2/experiments_cross/exp6/logs/Div30.txt,/home/avic/om2/experiments_cross/exp6/eval/Div30.csv,/home/avic/om2/experiments_cross/exp6/eval/TestingFrame_Div30.csv,/home/avic/om2/experiments_cross/exp6/stats/Div30.csv,/home/avic/om2/experiments_cross/exp6/checkpoints/Div30.pt,/home/avic/om2/experiments_cross/exp6/eval/Div30_heatmap.npy,/home/avic/om2/experiments_cross/exp6/eval/Div30_heatmap_ood.npy,/home/avic/om2/experiments_cross/exp6/eval/14_heatmap_id.npy,2
15,27,40,ModelType.ResNet,False,6,plane,SM,1,False,False,"(0, 1)",0.001,230,10,Div40,/home/avic/om2/experiments_cross/exp6,/home/avic/om2/experiments_cross/exp6/logs,/home/avic/om2/experiments_cross/exp6/eval,/home/avic/om2/experiments_cross/exp6/stats,/home/avic/om2/experiments_cross/exp6/checkpoints,/home/avic/om2/experiments_cross/exp6/tensorboard_logs/27,/home/avic/om2/experiments_cross/exp6/logs/Div40.txt,/home/avic/om2/experiments_cross/exp6/eval/Div40.csv,/home/avic/om2/experiments_cross/exp6/eval/TestingFrame_Div40.csv,/home/avic/om2/experiments_cross/exp6/stats/Div40.csv,/home/avic/om2/experiments_cross/exp6/checkpoints/Div40.pt,/home/avic/om2/experiments_cross/exp6/eval/Div40_heatmap.npy,/home/avic/om2/experiments_cross/exp6/eval/Div40_heatmap_ood.npy,/home/avic/om2/experiments_cross/exp6/eval/15_heatmap_id.npy,2
16,32,10,ModelType.ResNet,False,8,plane,SM,2,False,False,"(0, 1)",0.001,230,10,Div10,/home/avic/om2/experiments_cross/exp8,/home/avic/om2/experiments_cross/exp8/logs,/home/avic/om2/experiments_cross/exp8/eval,/home/avic/om2/experiments_cross/exp8/stats,/home/avic/om2/experiments_cross/exp8/checkpoints,/home/avic/om2/experiments_cross/exp8/tensorboard_logs/32,/home/avic/om2/experiments_cross/exp8/logs/Div10.txt,/home/avic/om2/experiments_cross/exp8/eval/Div10.csv,/home/avic/om2/experiments_cross/exp8/eval/TestingFrame_Div10.csv,/home/avic/om2/experiments_cross/exp8/stats/Div10.csv,/home/avic/om2/experiments_cross/exp8/checkpoints/Div10.pt,/home/avic/om2/experiments_cross/exp8/eval/Div10_heatmap.npy,/home/avic/om2/experiments_cross/exp8/eval/Div10_heatmap_ood.npy,/home/avic/om2/experiments_cross/exp8/eval/16_heatmap_id.npy,2
17,33,20,ModelType.ResNet,False,8,plane,SM,2,False,False,"(0, 1)",0.001,230,10,Div20,/home/avic/om2/experiments_cross/exp8,/home/avic/om2/experiments_cross/exp8/logs,/home/avic/om2/experiments_cross/exp8/eval,/home/avic/om2/experiments_cross/exp8/stats,/home/avic/om2/experiments_cross/exp8/checkpoints,/home/avic/om2/experiments_cross/exp8/tensorboard_logs/33,/home/avic/om2/experiments_cross/exp8/logs/Div20.txt,/home/avic/om2/experiments_cross/exp8/eval/Div20.csv,/home/avic/om2/experiments_cross/exp8/eval/TestingFrame_Div20.csv,/home/avic/om2/experiments_cross/exp8/stats/Div20.csv,/home/avic/om2/experiments_cross/exp8/checkpoints/Div20.pt,/home/avic/om2/experiments_cross/exp8/eval/Div20_heatmap.npy,/home/avic/om2/experiments_cross/exp8/eval/Div20_heatmap_ood.npy,/home/avic/om2/experiments_cross/exp8/eval/17_heatmap_id.npy,2
18,34,30,ModelType.ResNet,False,8,plane,SM,2,False,False,"(0, 1)",0.001,230,10,Div30,/home/avic/om2/experiments_cross/exp8,/home/avic/om2/experiments_cross/exp8/logs,/home/avic/om2/experiments_cross/exp8/eval,/home/avic/om2/experiments_cross/exp8/stats,/home/avic/om2/experiments_cross/exp8/checkpoints,/home/avic/om2/experiments_cross/exp8/tensorboard_logs/34,/home/avic/om2/experiments_cross/exp8/logs/Div30.txt,/home/avic/om2/experiments_cross/exp8/eval/Div30.csv,/home/avic/om2/experiments_cross/exp8/eval/TestingFrame_Div30.csv,/home/avic/om2/experiments_cross/exp8/stats/Div30.csv,/home/avic/om2/experiments_cross/exp8/checkpoints/Div30.pt,/home/avic/om2/experiments_cross/exp8/eval/Div30_heatmap.npy,/home/avic/om2/experiments_cross/exp8/eval/Div30_heatmap_ood.npy,/home/avic/om2/experiments_cross/exp8/eval/18_heatmap_id.npy,2
19,35,40,ModelType.ResNet,False,8,plane,SM,2,False,False,"(0, 1)",0.001,230,10,Div40,/home/avic/om2/experiments_cross/exp8,/home/avic/om2/experiments_cross/exp8/logs,/home/avic/om2/experiments_cross/exp8/eval,/home/avic/om2/experiments_cross/exp8/stats,/home/avic/om2/experiments_cross/exp8/checkpoints,/home/avic/om2/experiments_cross/exp8/tensorboard_logs/35,/home/avic/om2/experiments_cross/exp8/logs/Div40.txt,/home/avic/om2/experiments_cross/exp8/eval/Div40.csv,/home/avic/om2/experiments_cross/exp8/eval/TestingFrame_Div40.csv,/home/avic/om2/experiments_cross/exp8/stats/Div40.csv,/home/avic/om2/experiments_cross/exp8/checkpoints/Div40.pt,/home/avic/om2/experiments_cross/exp8/eval/Div40_heatmap.npy,/home/avic/om2/experiments_cross/exp8/eval/Div40_heatmap_ood.npy,/home/avic/om2/experiments_cross/exp8/eval/19_heatmap_id.npy,2
20,160,10,ModelType.ResNet,False,40,SM,plane,0,False,False,"(0, 1)",0.001,230,10,Div10,/home/avic/om2/experiments_cross/exp40,/home/avic/om2/experiments_cross/exp40/logs,/home/avic/om2/experiments_cross/exp40/eval,/home/avic/om2/experiments_cross/exp40/stats,/home/avic/om2/experiments_cross/exp40/checkpoints,/home/avic/om2/experiments_cross/exp40/tensorboard_logs/160,/home/avic/om2/experiments_cross/exp40/logs/Div10.txt,/home/avic/om2/experiments_cross/exp40/eval/Div10.csv,/home/avic/om2/experiments_cross/exp40/eval/TestingFrame_Div10.csv,/home/avic/om2/experiments_cross/exp40/stats/Div10.csv,/home/avic/om2/experiments_cross/exp40/checkpoints/Div10.pt,/home/avic/om2/experiments_cross/exp40/eval/Div10_heatmap.npy,/home/avic/om2/experiments_cross/exp40/eval/Div10_heatmap_ood.npy,/home/avic/om2/experiments_cross/exp40/eval/20_heatmap_id.npy,2
21,161,20,ModelType.ResNet,False,40,SM,plane,0,False,False,"(0, 1)",0.001,230,10,Div20,/home/avic/om2/experiments_cross/exp40,/home/avic/om2/experiments_cross/exp40/logs,/home/avic/om2/experiments_cross/exp40/eval,/home/avic/om2/experiments_cross/exp40/stats,/home/avic/om2/experiments_cross/exp40/checkpoints,/home/avic/om2/experiments_cross/exp40/tensorboard_logs/161,/home/avic/om2/experiments_cross/exp40/logs/Div20.txt,/home/avic/om2/experiments_cross/exp40/eval/Div20.csv,/home/avic/om2/experiments_cross/exp40/eval/TestingFrame_Div20.csv,/home/avic/om2/experiments_cross/exp40/stats/Div20.csv,/home/avic/om2/experiments_cross/exp40/checkpoints/Div20.pt,/home/avic/om2/experiments_cross/exp40/eval/Div20_heatmap.npy,/home/avic/om2/experiments_cross/exp40/eval/Div20_heatmap_ood.npy,/home/avic/om2/experiments_cross/exp40/eval/21_heatmap_id.npy,2
22,162,30,ModelType.ResNet,False,40,SM,plane,0,False,False,"(0, 1)",0.001,230,10,Div30,/home/avic/om2/experiments_cross/exp40,/home/avic/om2/experiments_cross/exp40/logs,/home/avic/om2/experiments_cross/exp40/eval,/home/avic/om2/experiments_cross/exp40/stats,/home/avic/om2/experiments_cross/exp40/checkpoints,/home/avic/om2/experiments_cross/exp40/tensorboard_logs/162,/home/avic/om2/experiments_cross/exp40/logs/Div30.txt,/home/avic/om2/experiments_cross/exp40/eval/Div30.csv,/home/avic/om2/experiments_cross/exp40/eval/TestingFrame_Div30.csv,/home/avic/om2/experiments_cross/exp40/stats/Div30.csv,/home/avic/om2/experiments_cross/exp40/checkpoints/Div30.pt,/home/avic/om2/experiments_cross/exp40/eval/Div30_heatmap.npy,/home/avic/om2/experiments_cross/exp40/eval/Div30_heatmap_ood.npy,/home/avic/om2/experiments_cross/exp40/eval/22_heatmap_id.npy,2
23,163,40,ModelType.ResNet,False,40,SM,plane,0,False,False,"(0, 1)",0.001,230,10,Div40,/home/avic/om2/experiments_cross/exp40,/home/avic/om2/experiments_cross/exp40/logs,/home/avic/om2/experiments_cross/exp40/eval,/home/avic/om2/experiments_cross/exp40/stats,/home/avic/om2/experiments_cross/exp40/checkpoints,/home/avic/om2/experiments_cross/exp40/tensorboard_logs/163,/home/avic/om2/experiments_cross/exp40/logs/Div40.txt,/home/avic/om2/experiments_cross/exp40/eval/Div40.csv,/home/avic/om2/experiments_cross/exp40/eval/TestingFrame_Div40.csv,/home/avic/om2/experiments_cross/exp40/stats/Div40.csv,/home/avic/om2/experiments_cross/exp40/checkpoints/Div40.pt,/home/avic/om2/experiments_cross/exp40/eval/Div40_heatmap.npy,/home/avic/om2/experiments_cross/exp40/eval/Div40_heatmap_ood.npy,/home/avic/om2/experiments_cross/exp40/eval/23_heatmap_id.npy,2
24,168,10,ModelType.ResNet,False,42,SM,plane,0,False,False,"(1, 2)",0.001,230,10,Div10,/home/avic/om2/experiments_cross/exp42,/home/avic/om2/experiments_cross/exp42/logs,/home/avic/om2/experiments_cross/exp42/eval,/home/avic/om2/experiments_cross/exp42/stats,/home/avic/om2/experiments_cross/exp42/checkpoints,/home/avic/om2/experiments_cross/exp42/tensorboard_logs/168,/home/avic/om2/experiments_cross/exp42/logs/Div10.txt,/home/avic/om2/experiments_cross/exp42/eval/Div10.csv,/home/avic/om2/experiments_cross/exp42/eval/TestingFrame_Div10.csv,/home/avic/om2/experiments_cross/exp42/stats/Div10.csv,/home/avic/om2/experiments_cross/exp42/checkpoints/Div10.pt,/home/avic/om2/experiments_cross/exp42/eval/Div10_heatmap.npy,/home/avic/om2/experiments_cross/exp42/eval/Div10_heatmap_ood.npy,/home/avic/om2/experiments_cross/exp42/eval/24_heatmap_id.npy,0
25,169,20,ModelType.ResNet,False,42,SM,plane,0,False,False,"(1, 2)",0.001,230,10,Div20,/home/avic/om2/experiments_cross/exp42,/home/avic/om2/experiments_cross/exp42/logs,/home/avic/om2/experiments_cross/exp42/eval,/home/avic/om2/experiments_cross/exp42/stats,/home/avic/om2/experiments_cross/exp42/checkpoints,/home/avic/om2/experiments_cross/exp42/tensorboard_logs/169,/home/avic/om2/experiments_cross/exp42/logs/Div20.txt,/home/avic/om2/experiments_cross/exp42/eval/Div20.csv,/home/avic/om2/experiments_cross/exp42/eval/TestingFrame_Div20.csv,/home/avic/om2/experiments_cross/exp42/stats/Div20.csv,/home/avic/om2/experiments_cross/exp42/checkpoints/Div20.pt,/home/avic/om2/experiments_cross/exp42/eval/Div20_heatmap.npy,/home/avic/om2/experiments_cross/exp42/eval/Div20_heatmap_ood.npy,/home/avic/om2/experiments_cross/exp42/eval/25_heatmap_id.npy,0
26,170,30,ModelType.ResNet,False,42,SM,plane,0,False,False,"(1, 2)",0.001,230,10,Div30,/home/avic/om2/experiments_cross/exp42,/home/avic/om2/experiments_cross/exp42/logs,/home/avic/om2/experiments_cross/exp42/eval,/home/avic/om2/experiments_cross/exp42/stats,/home/avic/om2/experiments_cross/exp42/checkpoints,/home/avic/om2/experiments_cross/exp42/tensorboard_logs/170,/home/avic/om2/experiments_cross/exp42/logs/Div30.txt,/home/avic/om2/experiments_cross/exp42/eval/Div30.csv,/home/avic/om2/experiments_cross/exp42/eval/TestingFrame_Div30.csv,/home/avic/om2/experiments_cross/exp42/stats/Div30.csv,/home/avic/om2/experiments_cross/exp42/checkpoints/Div30.pt,/home/avic/om2/experiments_cross/exp42/eval/Div30_heatmap.npy,/home/avic/om2/experiments_cross/exp42/eval/Div30_heatmap_ood.npy,/home/avic/om2/experiments_cross/exp42/eval/26_heatmap_id.npy,0
27,171,40,ModelType.ResNet,False,42,SM,plane,0,False,False,"(1, 2)",0.001,230,10,Div40,/home/avic/om2/experiments_cross/exp42,/home/avic/om2/experiments_cross/exp42/logs,/home/avic/om2/experiments_cross/exp42/eval,/home/avic/om2/experiments_cross/exp42/stats,/home/avic/om2/experiments_cross/exp42/checkpoints,/home/avic/om2/experiments_cross/exp42/tensorboard_logs/171,/home/avic/om2/experiments_cross/exp42/logs/Div40.txt,/home/avic/om2/experiments_cross/exp42/eval/Div40.csv,/home/avic/om2/experiments_cross/exp42/eval/TestingFrame_Div40.csv,/home/avic/om2/experiments_cross/exp42/stats/Div40.csv,/home/avic/om2/experiments_cross/exp42/checkpoints/Div40.pt,/home/avic/om2/experiments_cross/exp42/eval/Div40_heatmap.npy,/home/avic/om2/experiments_cross/exp42/eval/Div40_heatmap_ood.npy,/home/avic/om2/experiments_cross/exp42/eval/27_heatmap_id.npy,0
28,176,10,ModelType.ResNet,False,44,SM,plane,0,False,False,"(0, 2)",0.001,230,10,Div10,/home/avic/om2/experiments_cross/exp44,/home/avic/om2/experiments_cross/exp44/logs,/home/avic/om2/experiments_cross/exp44/eval,/home/avic/om2/experiments_cross/exp44/stats,/home/avic/om2/experiments_cross/exp44/checkpoints,/home/avic/om2/experiments_cross/exp44/tensorboard_logs/176,/home/avic/om2/experiments_cross/exp44/logs/Div10.txt,/home/avic/om2/experiments_cross/exp44/eval/Div10.csv,/home/avic/om2/experiments_cross/exp44/eval/TestingFrame_Div10.csv,/home/avic/om2/experiments_cross/exp44/stats/Div10.csv,/home/avic/om2/experiments_cross/exp44/checkpoints/Div10.pt,/home/avic/om2/experiments_cross/exp44/eval/Div10_heatmap.npy,/home/avic/om2/experiments_cross/exp44/eval/Div10_heatmap_ood.npy,/home/avic/om2/experiments_cross/exp44/eval/28_heatmap_id.npy,1
29,177,20,ModelType.ResNet,False,44,SM,plane,0,False,False,"(0, 2)",0.001,230,10,Div20,/home/avic/om2/experiments_cross/exp44,/home/avic/om2/experiments_cross/exp44/logs,/home/avic/om2/experiments_cross/exp44/eval,/home/avic/om2/experiments_cross/exp44/stats,/home/avic/om2/experiments_cross/exp44/checkpoints,/home/avic/om2/experiments_cross/exp44/tensorboard_logs/177,/home/avic/om2/experiments_cross/exp44/logs/Div20.txt,/home/avic/om2/experiments_cross/exp44/eval/Div20.csv,/home/avic/om2/experiments_cross/exp44/eval/TestingFrame_Div20.csv,/home/avic/om2/experiments_cross/exp44/stats/Div20.csv,/home/avic/om2/experiments_cross/exp44/checkpoints/Div20.pt,/home/avic/om2/experiments_cross/exp44/eval/Div20_heatmap.npy,/home/avic/om2/experiments_cross/exp44/eval/Div20_heatmap_ood.npy,/home/avic/om2/experiments_cross/exp44/eval/29_heatmap_id.npy,1
30,178,30,ModelType.ResNet,False,44,SM,plane,0,False,False,"(0, 2)",0.001,230,10,Div30,/home/avic/om2/experiments_cross/exp44,/home/avic/om2/experiments_cross/exp44/logs,/home/avic/om2/experiments_cross/exp44/eval,/home/avic/om2/experiments_cross/exp44/stats,/home/avic/om2/experiments_cross/exp44/checkpoints,/home/avic/om2/experiments_cross/exp44/tensorboard_logs/178,/home/avic/om2/experiments_cross/exp44/logs/Div30.txt,/home/avic/om2/experiments_cross/exp44/eval/Div30.csv,/home/avic/om2/experiments_cross/exp44/eval/TestingFrame_Div30.csv,/home/avic/om2/experiments_cross/exp44/stats/Div30.csv,/home/avic/om2/experiments_cross/exp44/checkpoints/Div30.pt,/home/avic/om2/experiments_cross/exp44/eval/Div30_heatmap.npy,/home/avic/om2/experiments_cross/exp44/eval/Div30_heatmap_ood.npy,/home/avic/om2/experiments_cross/exp44/eval/30_heatmap_id.npy,1
31,179,40,ModelType.ResNet,False,44,SM,plane,0,False,False,"(0, 2)",0.001,230,10,Div40,/home/avic/om2/experiments_cross/exp44,/home/avic/om2/experiments_cross/exp44/logs,/home/avic/om2/experiments_cross/exp44/eval,/home/avic/om2/experiments_cross/exp44/stats,/home/avic/om2/experiments_cross/exp44/checkpoints,/home/avic/om2/experiments_cross/exp44/tensorboard_logs/179,/home/avic/om2/experiments_cross/exp44/logs/Div40.txt,/home/avic/om2/experiments_cross/exp44/eval/Div40.csv,/home/avic/om2/experiments_cross/exp44/eval/TestingFrame_Div40.csv,/home/avic/om2/experiments_cross/exp44/stats/Div40.csv,/home/avic/om2/experiments_cross/exp44/checkpoints/Div40.pt,/home/avic/om2/experiments_cross/exp44/eval/Div40_heatmap.npy,/home/avic/om2/experiments_cross/exp44/eval/Div40_heatmap_ood.npy,/home/avic/om2/experiments_cross/exp44/eval/31_heatmap_id.npy,1
32,184,10,ModelType.ResNet,False,46,SM,plane,1,False,False,"(0, 1)",0.001,230,10,Div10,/home/avic/om2/experiments_cross/exp46,/home/avic/om2/experiments_cross/exp46/logs,/home/avic/om2/experiments_cross/exp46/eval,/home/avic/om2/experiments_cross/exp46/stats,/home/avic/om2/experiments_cross/exp46/checkpoints,/home/avic/om2/experiments_cross/exp46/tensorboard_logs/184,/home/avic/om2/experiments_cross/exp46/logs/Div10.txt,/home/avic/om2/experiments_cross/exp46/eval/Div10.csv,/home/avic/om2/experiments_cross/exp46/eval/TestingFrame_Div10.csv,/home/avic/om2/experiments_cross/exp46/stats/Div10.csv,/home/avic/om2/experiments_cross/exp46/checkpoints/Div10.pt,/home/avic/om2/experiments_cross/exp46/eval/Div10_heatmap.npy,/home/avic/om2/experiments_cross/exp46/eval/Div10_heatmap_ood.npy,/home/avic/om2/experiments_cross/exp46/eval/32_heatmap_id.npy,2
33,185,20,ModelType.ResNet,False,46,SM,plane,1,False,False,"(0, 1)",0.001,230,10,Div20,/home/avic/om2/experiments_cross/exp46,/home/avic/om2/experiments_cross/exp46/logs,/home/avic/om2/experiments_cross/exp46/eval,/home/avic/om2/experiments_cross/exp46/stats,/home/avic/om2/experiments_cross/exp46/checkpoints,/home/avic/om2/experiments_cross/exp46/tensorboard_logs/185,/home/avic/om2/experiments_cross/exp46/logs/Div20.txt,/home/avic/om2/experiments_cross/exp46/eval/Div20.csv,/home/avic/om2/experiments_cross/exp46/eval/TestingFrame_Div20.csv,/home/avic/om2/experiments_cross/exp46/stats/Div20.csv,/home/avic/om2/experiments_cross/exp46/checkpoints/Div20.pt,/home/avic/om2/experiments_cross/exp46/eval/Div20_heatmap.npy,/home/avic/om2/experiments_cross/exp46/eval/Div20_heatmap_ood.npy,/home/avic/om2/experiments_cross/exp46/eval/33_heatmap_id.npy,2
34,186,30,ModelType.ResNet,False,46,SM,plane,1,False,False,"(0, 1)",0.001,230,10,Div30,/home/avic/om2/experiments_cross/exp46,/home/avic/om2/experiments_cross/exp46/logs,/home/avic/om2/experiments_cross/exp46/eval,/home/avic/om2/experiments_cross/exp46/stats,/home/avic/om2/experiments_cross/exp46/checkpoints,/home/avic/om2/experiments_cross/exp46/tensorboard_logs/186,/home/avic/om2/experiments_cross/exp46/logs/Div30.txt,/home/avic/om2/experiments_cross/exp46/eval/Div30.csv,/home/avic/om2/experiments_cross/exp46/eval/TestingFrame_Div30.csv,/home/avic/om2/experiments_cross/exp46/stats/Div30.csv,/home/avic/om2/experiments_cross/exp46/checkpoints/Div30.pt,/home/avic/om2/experiments_cross/exp46/eval/Div30_heatmap.npy,/home/avic/om2/experiments_cross/exp46/eval/Div30_heatmap_ood.npy,/home/avic/om2/experiments_cross/exp46/eval/34_heatmap_id.npy,2
35,187,40,ModelType.ResNet,False,46,SM,plane,1,False,False,"(0, 1)",0.001,230,10,Div40,/home/avic/om2/experiments_cross/exp46,/home/avic/om2/experiments_cross/exp46/logs,/home/avic/om2/experiments_cross/exp46/eval,/home/avic/om2/experiments_cross/exp46/stats,/home/avic/om2/experiments_cross/exp46/checkpoints,/home/avic/om2/experiments_cross/exp46/tensorboard_logs/187,/home/avic/om2/experiments_cross/exp46/logs/Div40.txt,/home/avic/om2/experiments_cross/exp46/eval/Div40.csv,/home/avic/om2/experiments_cross/exp46/eval/TestingFrame_Div40.csv,/home/avic/om2/experiments_cross/exp46/stats/Div40.csv,/home/avic/om2/experiments_cross/exp46/checkpoints/Div40.pt,/home/avic/om2/experiments_cross/exp46/eval/Div40_heatmap.npy,/home/avic/om2/experiments_cross/exp46/eval/Div40_heatmap_ood.npy,/home/avic/om2/experiments_cross/exp46/eval/35_heatmap_id.npy,2
36,192,10,ModelType.ResNet,False,48,SM,plane,2,False,False,"(0, 1)",0.001,230,10,Div10,/home/avic/om2/experiments_cross/exp48,/home/avic/om2/experiments_cross/exp48/logs,/home/avic/om2/experiments_cross/exp48/eval,/home/avic/om2/experiments_cross/exp48/stats,/home/avic/om2/experiments_cross/exp48/checkpoints,/home/avic/om2/experiments_cross/exp48/tensorboard_logs/192,/home/avic/om2/experiments_cross/exp48/logs/Div10.txt,/home/avic/om2/experiments_cross/exp48/eval/Div10.csv,/home/avic/om2/experiments_cross/exp48/eval/TestingFrame_Div10.csv,/home/avic/om2/experiments_cross/exp48/stats/Div10.csv,/home/avic/om2/experiments_cross/exp48/checkpoints/Div10.pt,/home/avic/om2/experiments_cross/exp48/eval/Div10_heatmap.npy,/home/avic/om2/experiments_cross/exp48/eval/Div10_heatmap_ood.npy,/home/avic/om2/experiments_cross/exp48/eval/36_heatmap_id.npy,2
37,193,20,ModelType.ResNet,False,48,SM,plane,2,False,False,"(0, 1)",0.001,230,10,Div20,/home/avic/om2/experiments_cross/exp48,/home/avic/om2/experiments_cross/exp48/logs,/home/avic/om2/experiments_cross/exp48/eval,/home/avic/om2/experiments_cross/exp48/stats,/home/avic/om2/experiments_cross/exp48/checkpoints,/home/avic/om2/experiments_cross/exp48/tensorboard_logs/193,/home/avic/om2/experiments_cross/exp48/logs/Div20.txt,/home/avic/om2/experiments_cross/exp48/eval/Div20.csv,/home/avic/om2/experiments_cross/exp48/eval/TestingFrame_Div20.csv,/home/avic/om2/experiments_cross/exp48/stats/Div20.csv,/home/avic/om2/experiments_cross/exp48/checkpoints/Div20.pt,/home/avic/om2/experiments_cross/exp48/eval/Div20_heatmap.npy,/home/avic/om2/experiments_cross/exp48/eval/Div20_heatmap_ood.npy,/home/avic/om2/experiments_cross/exp48/eval/37_heatmap_id.npy,2
38,194,30,ModelType.ResNet,False,48,SM,plane,2,False,False,"(0, 1)",0.001,230,10,Div30,/home/avic/om2/experiments_cross/exp48,/home/avic/om2/experiments_cross/exp48/logs,/home/avic/om2/experiments_cross/exp48/eval,/home/avic/om2/experiments_cross/exp48/stats,/home/avic/om2/experiments_cross/exp48/checkpoints,/home/avic/om2/experiments_cross/exp48/tensorboard_logs/194,/home/avic/om2/experiments_cross/exp48/logs/Div30.txt,/home/avic/om2/experiments_cross/exp48/eval/Div30.csv,/home/avic/om2/experiments_cross/exp48/eval/TestingFrame_Div30.csv,/home/avic/om2/experiments_cross/exp48/stats/Div30.csv,/home/avic/om2/experiments_cross/exp48/checkpoints/Div30.pt,/home/avic/om2/experiments_cross/exp48/eval/Div30_heatmap.npy,/home/avic/om2/experiments_cross/exp48/eval/Div30_heatmap_ood.npy,/home/avic/om2/experiments_cross/exp48/eval/38_heatmap_id.npy,2
39,195,40,ModelType.ResNet,False,48,SM,plane,2,False,False,"(0, 1)",0.001,230,10,Div40,/home/avic/om2/experiments_cross/exp48,/home/avic/om2/experiments_cross/exp48/logs,/home/avic/om2/experiments_cross/exp48/eval,/home/avic/om2/experiments_cross/exp48/stats,/home/avic/om2/experiments_cross/exp48/checkpoints,/home/avic/om2/experiments_cross/exp48/tensorboard_logs/195,/home/avic/om2/experiments_cross/exp48/logs/Div40.txt,/home/avic/om2/experiments_cross/exp48/eval/Div40.csv,/home/avic/om2/experiments_cross/exp48/eval/TestingFrame_Div40.csv,/home/avic/om2/experiments_cross/exp48/stats/Div40.csv,/home/avic/om2/experiments_cross/exp48/checkpoints/Div40.pt,/home/avic/om2/experiments_cross/exp48/eval/Div40_heatmap.npy,/home/avic/om2/experiments_cross/exp48/eval/Div40_heatmap_ood.npy,/home/avic/om2/experiments_cross/exp48/eval/39_heatmap_id.npy,2
